{
    "loss": 0.4309086501598358,
    "accuracy": 0.8823529481887817
}